Query_ID	Target_ID	Optimal_offset	p-value	E-value	q-value	Overlap	Query_consensus	Target_consensus	Orientation
WGATAAG	MA0482.1	3	7.36273e-08	0.000133118	0.000266236	7	AGATAAG	GGGAGATAAGA	-
WGATAAG	MA0036.3	2	4.84029e-06	0.00875125	0.00600084	7	AGATAAG	AAAGATAAGAA	-
WGATAAG	MA1104.1	3	6.7764e-06	0.0122517	0.00600084	7	AGATAAG	AAAAGATAAGAAA	+
WGATAAG	UP00100_1	5	1.06486e-05	0.0192527	0.00600084	7	AGATAAG	TATAGAGATAAGAATTG	+
WGATAAG	GATA4_DBD	0	1.09137e-05	0.0197319	0.00600084	7	AGATAAG	AGATAAGA	+
WGATAAG	MA0035.3	2	1.14884e-05	0.020771	0.00600084	7	AGATAAG	ACAGATAAGAA	-
WGATAAG	MA0140.2	11	1.16167e-05	0.0210029	0.00600084	7	AGATAAG	CTGCTCCTCACAGATAAG	-
WGATAAG	UP00032_1	7	1.54889e-05	0.0280039	0.0061673	7	AGATAAG	TTTTTAGAGATAAGAAATAAAG	+
WGATAAG	GATA3_DBD	0	2.21723e-05	0.0400874	0.0061673	7	AGATAAG	AGATAAGA	+
WGATAAG	GATA3_full	0	2.21723e-05	0.0400874	0.0061673	7	AGATAAG	AGATAAGG	+
WGATAAG	GATA5_DBD	0	2.21723e-05	0.0400874	0.0061673	7	AGATAAG	AGATAAGA	+
WGATAAG	MA0037.3	0	2.21723e-05	0.0400874	0.0061673	7	AGATAAG	AGATAAGA	+
WGATAAG	MA0766.1	0	2.21723e-05	0.0400874	0.0061673	7	AGATAAG	AGATAAGA	+
WGATAAG	MA0029.1	1	0.000299076	0.54073	0.0772472	7	AGATAAG	AAGATAAGATAAGA	+
YTATCW	MA0140.2	1	0.000184612	0.333778	0.197218	6	TTATCT	CTTATCTGTGAGGAGCAG	+
YTATCW	GATA3_full	2	0.000193338	0.349555	0.197218	6	TTATCT	CCTTATCT	-
YTATCW	GATA3_DBD	2	0.000257613	0.465764	0.197218	6	TTATCT	TCTTATCT	-
YTATCW	MA0482.1	2	0.000386638	0.699041	0.197218	6	TTATCT	TCTTATCTCCC	+
YTATCW	GATA4_DBD	2	0.000436323	0.788872	0.197218	6	TTATCT	TCTTATCT	-
YTATCW	GATA5_DBD	2	0.000436323	0.788872	0.197218	6	TTATCT	TCTTATCT	-
YTATCW	MA0037.3	2	0.000436323	0.788872	0.197218	6	TTATCT	TCTTATCT	-
YTATCW	MA0766.1	2	0.000436323	0.788872	0.197218	6	TTATCT	TCTTATCT	-
CMCACCCW	MA0493.1	3	1.54242e-08	2.7887e-05	5.46548e-05	8	CACACCCA	GGCCACACCCA	+
CMCACCCW	MA0039.3	1	1.71832e-06	0.00310673	0.00304439	8	CACACCCA	CCACACCCTGC	+
CMCACCCW	MA1107.1	3	1.60079e-05	0.0289423	0.0189077	8	CACACCCA	GGCCACACCCACC	+
CMCACCCW	MA0599.1	2	0.000276993	0.500803	0.0974731	8	CACACCCA	GCCCCGCCCC	+
CMCACCCW	Klf12_DBD	3	0.000318089	0.575105	0.0974731	8	CACACCCA	GACCACGCCCTTATT	+
CMCACCCW	MA0742.1	3	0.000318089	0.575105	0.0974731	8	CACACCCA	GACCACGCCCTTATT	+
CMCACCCW	TBX20_full_1	3	0.000344075	0.622088	0.0974731	8	CACACCCA	CTTCACACCTA	-
CMCACCCW	MA0689.1	3	0.000344075	0.622088	0.0974731	8	CACACCCA	CTTCACACCTA	-
CMCACCCW	MGA_DBD_1	1	0.00036692	0.663392	0.0974731	7	CACACCCA	TCACACCT	-
CMCACCCW	MA0801.1	1	0.00036692	0.663392	0.0974731	7	CACACCCA	TCACACCT	-
CMCACCCW	UP00096_2	5	0.000422846	0.764505	0.0974731	8	CACACCCA	AAATACCCACCCAATAC	-
CMCACCCW	TBX2_full_2	3	0.000524656	0.948578	0.0974731	8	CACACCCA	TTTCACACCTT	-
CMCACCCW	MA0688.1	3	0.000524656	0.948578	0.0974731	8	CACACCCA	TTTCACACCTT	-

# Tomtom (Motif Comparison Tool): Version 5.1.1 compiled on Feb  1 2020 at 23:13:16
# The format of this file is described at http://meme-suite.org//doc/tomtom-output-format.html.
# tomtom -verbosity 1 -oc meme_tomtom_out -min-overlap 5 -dist pearson -evalue -thresh 1 -no-ssc meme_out/meme.xml db/EUKARYOTE/jolma2013.meme db/JASPAR/JASPAR2018_CORE_vertebrates_non-redundant.meme db/MOUSE/uniprobe_mouse.meme
