motif_id	motif_alt_id	sequence_name	start	stop	strand	score	p-value	q-value	matched_sequence
ACCCAGW	DREME-6	chr13	3867300	3867306	-	12.9775	6.46e-05	0.211	ACCCAGA
ACCCAGW	DREME-6	chr11	6591190	6591196	-	12.9775	6.46e-05	0.211	ACCCAGA
ACCCAGW	DREME-6	chr12	8841133	8841139	-	12.9775	6.46e-05	0.211	ACCCAGA
ACCCAGW	DREME-6	chr11	20916656	20916662	-	12.9775	6.46e-05	0.211	ACCCAGA
ACCCAGW	DREME-6	chr11	24129912	24129918	-	12.9775	6.46e-05	0.211	ACCCAGA
ACCCAGW	DREME-6	chr17	28823529	28823535	-	12.9775	6.46e-05	0.211	ACCCAGA
ACCCAGW	DREME-6	chr6	35254714	35254720	-	12.9775	6.46e-05	0.211	ACCCAGA
ACCCAGW	DREME-6	chr17	35742021	35742027	-	12.9775	6.46e-05	0.211	ACCCAGA
ACCCAGW	DREME-6	chr6	41704323	41704329	-	12.9775	6.46e-05	0.211	ACCCAGA
ACCCAGW	DREME-6	chr4	42860755	42860761	-	12.9775	6.46e-05	0.211	ACCCAGA
ACCCAGW	DREME-6	chr4	46854187	46854193	-	12.9775	6.46e-05	0.211	ACCCAGA
ACCCAGW	DREME-6	chr14	47533810	47533816	-	12.9775	6.46e-05	0.211	ACCCAGA
ACCCAGW	DREME-6	chr11	54004905	54004911	-	12.9775	6.46e-05	0.211	ACCCAGA
ACCCAGW	DREME-6	chr18	56898111	56898117	-	12.9775	6.46e-05	0.211	ACCCAGA
ACCCAGW	DREME-6	chr13	59795976	59795982	-	12.9775	6.46e-05	0.211	ACCCAGA
ACCCAGW	DREME-6	chr8	70843548	70843554	-	12.9775	6.46e-05	0.211	ACCCAGA
ACCCAGW	DREME-6	chr14	76532449	76532455	-	12.9775	6.46e-05	0.211	ACCCAGA
ACCCAGW	DREME-6	chr10	81362753	81362759	-	12.9775	6.46e-05	0.211	ACCCAGA
ACCCAGW	DREME-6	chr3	101354669	101354675	-	12.9775	6.46e-05	0.211	ACCCAGA
ACCCAGW	DREME-6	chr11	102896022	102896028	-	12.9775	6.46e-05	0.211	ACCCAGA
ACCCAGW	DREME-6	chr2	104130311	104130317	-	12.9775	6.46e-05	0.211	ACCCAGA
ACCCAGW	DREME-6	chr9	108095127	108095133	-	12.9775	6.46e-05	0.211	ACCCAGA
ACCCAGW	DREME-6	chr7	109115121	109115127	-	12.9775	6.46e-05	0.211	ACCCAGA
ACCCAGW	DREME-6	chr4	109440129	109440135	-	12.9775	6.46e-05	0.211	ACCCAGA
ACCCAGW	DREME-6	chr7	120875345	120875351	-	12.9775	6.46e-05	0.211	ACCCAGA
ACCCAGW	DREME-6	chr7	120969384	120969390	-	12.9775	6.46e-05	0.211	ACCCAGA
ACCCAGW	DREME-6	chr2	129227914	129227920	-	12.9775	6.46e-05	0.211	ACCCAGA
ACCCAGW	DREME-6	chr5	149649239	149649245	-	12.9775	6.46e-05	0.211	ACCCAGA
ACCCAGW	DREME-6	chr2	173038355	173038361	-	12.9775	6.46e-05	0.211	ACCCAGA
ACCCAGW	DREME-6	chr2	6444833	6444839	+	12.9775	6.46e-05	0.211	ACCCAGA
ACCCAGW	DREME-6	chr2	6444841	6444847	+	12.9775	6.46e-05	0.211	ACCCAGA
ACCCAGW	DREME-6	chr15	9074909	9074915	+	12.9775	6.46e-05	0.211	ACCCAGA
ACCCAGW	DREME-6	chr7	24853075	24853081	+	12.9775	6.46e-05	0.211	ACCCAGA
ACCCAGW	DREME-6	chr17	25961648	25961654	+	12.9775	6.46e-05	0.211	ACCCAGA
ACCCAGW	DREME-6	chr14	30562033	30562039	+	12.9775	6.46e-05	0.211	ACCCAGA
ACCCAGW	DREME-6	chr10	30749954	30749960	+	12.9775	6.46e-05	0.211	ACCCAGA
ACCCAGW	DREME-6	chr18	56871110	56871116	+	12.9775	6.46e-05	0.211	ACCCAGA
ACCCAGW	DREME-6	chr14	60654159	60654165	+	12.9775	6.46e-05	0.211	ACCCAGA
ACCCAGW	DREME-6	chr2	65801244	65801250	+	12.9775	6.46e-05	0.211	ACCCAGA
ACCCAGW	DREME-6	chr18	70563661	70563667	+	12.9775	6.46e-05	0.211	ACCCAGA
ACCCAGW	DREME-6	chr2	79255383	79255389	+	12.9775	6.46e-05	0.211	ACCCAGA
ACCCAGW	DREME-6	chr6	83351978	83351984	+	12.9775	6.46e-05	0.211	ACCCAGA
ACCCAGW	DREME-6	chr17	84934107	84934113	+	12.9775	6.46e-05	0.211	ACCCAGA
ACCCAGW	DREME-6	chr4	86674888	86674894	+	12.9775	6.46e-05	0.211	ACCCAGA
ACCCAGW	DREME-6	chr13	101611891	101611897	+	12.9775	6.46e-05	0.211	ACCCAGA
ACCCAGW	DREME-6	chr7	103865877	103865883	+	12.9775	6.46e-05	0.211	ACCCAGA
ACCCAGW	DREME-6	chr3	104673820	104673826	+	12.9775	6.46e-05	0.211	ACCCAGA
ACCCAGW	DREME-6	chr8	105821142	105821148	+	12.9775	6.46e-05	0.211	ACCCAGA
ACCCAGW	DREME-6	chr6	108529336	108529342	+	12.9775	6.46e-05	0.211	ACCCAGA
ACCCAGW	DREME-6	chr8	114879858	114879864	+	12.9775	6.46e-05	0.211	ACCCAGA
ACCCAGW	DREME-6	chr11	115903609	115903615	+	12.9775	6.46e-05	0.211	ACCCAGA
ACCCAGW	DREME-6	chr3	122247951	122247957	+	12.9775	6.46e-05	0.211	ACCCAGA
ACCCAGW	DREME-6	chr8	122321844	122321850	+	12.9775	6.46e-05	0.211	ACCCAGA
ACCCAGW	DREME-6	chr3	144670372	144670378	+	12.9775	6.46e-05	0.211	ACCCAGA
ACCCAGW	DREME-6	chr7	144747952	144747958	+	12.9775	6.46e-05	0.211	ACCCAGA
ACCCAGW	DREME-6	chr2	167629002	167629008	+	12.9775	6.46e-05	0.211	ACCCAGA
ACCCAGW	DREME-6	chr1	184657522	184657528	+	12.9775	6.46e-05	0.211	ACCCAGA

# FIMO (Find Individual Motif Occurrences): Version 5.1.1 compiled on Feb  1 2020 at 23:13:12
# The format of this file is described at http://meme-suite.org//doc/fimo-output-format.html.
# fimo --parse-genomic-coord --verbosity 1 --oc fimo_out_6 --bgfile ./background --motif ACCCAGW dreme_out/dreme.xml ./UpRegions.fa
